                  epoch,         train/box_loss,         train/cls_loss,         train/dfl_loss,   metrics/precision(B),      metrics/recall(B),       metrics/mAP50(B),    metrics/mAP50-95(B),           val/box_loss,           val/cls_loss,           val/dfl_loss,                 lr/pg0,                 lr/pg1,                 lr/pg2
                      1,                 1.2421,                 1.3235,                 1.3765,                0.97298,                0.95283,                0.98314,                0.67855,                 1.1586,                  0.429,                 1.3005,             1.8997e-05,             1.8997e-05,             1.8997e-05
                      2,                 1.1426,                0.55841,                 1.3045,                0.97789,                0.96711,                0.98949,                0.70382,                 1.0947,                0.39801,                 1.2641,             3.0473e-05,             3.0473e-05,             3.0473e-05
                      3,                 1.1013,                0.49766,                 1.2631,                0.98212,                0.97314,                0.99144,                0.71915,                 1.0768,                 0.3697,                 1.2294,             3.4426e-05,             3.4426e-05,             3.4426e-05
                      4,                 1.0632,                0.45885,                 1.2169,                0.98613,                0.97858,                  0.993,                0.73538,                 1.0204,                0.34418,                 1.1861,             2.3142e-05,             2.3142e-05,             2.3142e-05
                      5,                 1.0387,                0.43393,                 1.2224,                0.98437,                0.98211,                0.99285,                0.73779,                 1.0241,                0.34676,                 1.2059,             2.3142e-05,             2.3142e-05,             2.3142e-05
